PLAYER,TEAM,NUMBER,POSITION,Height,Weight,LAST ATTENDED,COUNTRY,Position
"Precious
Achiuwa",NYK,5,2,80,243,Memphis,Nigeria,IF(G)  = 0 
"Steven
Adams",HOU,12,4,83,265,Pittsburgh,New Zealand,IF(G-F or F-G) = 1
"Bam
Adebayo",MIA,13,3,81,255,Kentucky,USA,IF(F) = 2
"Ochai
Agbaji",TOR,30,0,77,215,Kansas,USA,IF(F-G or G-F) = 3
"Santi
Aldama",MEM,7,3,84,215,Loyola-Maryland,Spain,IF(C) = 4 
"Nickeil
Alexander-Walker",MIN,9,0,77,205,Virginia Tech,Canada,
"Grayson
Allen",PHX,8,0,76,198,Duke,USA,
"Jarrett
Allen",CLE,31,4,81,243,Texas,USA,
"Jose
Alvarado",NOP,15,0,72,179,Georgia Tech,USA,
"Kyle
Anderson",MIN,1,1,81,230,UCLA,USA,
"Giannis
Antetokounmpo",MIL,34,2,83,243,Filathlitikos,Greece,
"Thanasis
Antetokounmpo",MIL,43,2,79,219,Panathinaikos,Greece,
"Cole
Anthony",ORL,50,0,74,185,North Carolina,USA,
"OG
Anunoby",NYK,8,1,79,240,Indiana,United Kingdom,
"Deni
Avdija",WAS,8,2,81,210,Maccabi Tel Aviv,Israel,
"Deandre
Ayton",POR,2,4,84,247,Arizona,Bahamas,
"Udoka
Azubuike",PHX,27,3,83,270,Kansas,Nigeria,
"Ibou
Badji",POR,41,4,84,240,FC Barcelona,Senegal,
"Marvin
Bagley III",WAS,35,2,82,235,Duke,USA,
"Amari
Bailey",CHA,10,0,75,185,UCLA,USA,
"Patrick
Baldwin Jr.",WAS,7,2,81,220,Wisconsin-Milwaukee,USA,
"LaMelo
Ball",CHA,1,0,79,180,Illawarra,USA,
"Lonzo
Ball",CHI,2,0,78,190,UCLA,USA,
"Mo
Bamba",PHI,5,4,84,231,Texas,USA,
"Paolo
Banchero",ORL,5,2,82,250,Duke,USA,
"Desmond
Bane",MEM,22,0,77,215,TCU,USA,
"Dalano
Banton",POR,5,2,80,204,Nebraska,Canada,
"Dominick
Barlow",SAS,26,2,81,215,Overtime Elite,USA,
"Harrison
Barnes",SAC,40,2,80,225,North Carolina,USA,
"Scottie
Barnes",TOR,4,1,79,237,Florida State,USA,
"RJ
Barrett",TOR,9,1,78,214,Duke,Canada,
"Charles
Bassey",SAS,28,3,82,230,Western Kentucky,Nigeria,
"Emoni
Bates",CLE,21,2,80,170,Eastern Michigan,USA,
"Keita
Bates-Diop",BKN,13,2,80,229,Ohio State,USA,
"Nicolas
Batum",PHI,40,1,80,230,Le Mans,France,
"Darius
Bazley",UTA,26,2,81,216,Princeton HS (OH),USA,
"Bradley
Beal",PHX,3,0,76,207,Florida,USA,
"Malik
Beasley",MIL,5,0,76,187,Florida State,USA,
"MarJon
Beauchamp",MIL,3,2,79,199,NBA G League Ignite,USA,
"Jules
Bernard",WAS,14,0,78,210,UCLA,USA,
"Davis
Bertans",CHA,9,2,82,225,Baskonia,Latvia,
"Patrick
Beverley",MIL,21,0,74,180,Arkansas,USA,
"Saddiq
Bey",ATL,41,1,79,215,Villanova,USA,
"Goga
Bitadze",ORL,35,3,82,250,Mega Basket,Georgia,
"Onuralp
Bitim",CHI,17,2,78,215,Bursaspor,Turkey,
"Bismack
Biyombo",OKC,15,4,80,255,Baloncesto Fuenlabrada,DRC,
"Anthony
Black",ORL,0,0,79,200,Arkansas,USA,
"Leaky
Black",CHA,12,2,78,209,North Carolina,USA,
"Buddy
Boeheim",DET,27,2,77,205,Syracuse,USA,
"Bogdan
Bogdanovic",ATL,13,0,77,225,Fenerbahce,Serbia,
"Bojan
Bogdanovic",NYK,44,2,79,226,Fenerbahce,Croatia,
"Bol
Bol",PHX,11,3,87,220,Oregon,Sudan,
"Marques
Bolden",CHA,12,4,82,249,Duke,USA,
"Devin
Booker",PHX,1,0,78,206,Kentucky,USA,
"Brandon
Boston Jr.",LAC,4,0,78,188,Kentucky,USA,
"Chris
Boucher",TOR,25,2,81,200,Oregon,Saint Lucia,
"Jamaree
Bouyea",SAS,21,0,74,180,San Francisco,USA,
"Malaki
Branham",SAS,22,2,76,180,Ohio State,USA,
"Christian
Braun",DEN,0,0,78,220,Kansas,USA,
"Mikal
Bridges",BKN,1,1,78,209,Villanova,USA,
"Miles
Bridges",CHA,0,2,79,225,Michigan State,USA,
"Oshae
Brissett",BOS,12,1,79,210,Syracuse,Canada,
"Malcolm
Brogdon",POR,11,0,76,229,Virginia,USA,
"Dillon
Brooks",HOU,9,1,78,225,Oregon,Canada,
"Bruce
Brown",TOR,11,1,76,202,Miami,USA,
"Jaylen
Brown",BOS,7,1,78,223,California,USA,
"Kendall
Brown",IND,10,0,79,205,Baylor,USA,
"Kobe
Brown",LAC,21,2,79,250,Missouri,USA,
"Moses
Brown",POR,10,4,86,258,UCLA,USA,
"Greg
Brown III",DAL,36,2,79,206,Texas,USA,
"Charlie
Brown Jr.",NYK,4,0,78,199,St. Joseph's (PA),USA,
"Troy
Brown Jr.",DET,7,1,79,215,Oregon,USA,
"Jalen
Brunson",NYK,11,0,74,190,Villanova,USA,
"Thomas
Bryant",MIA,31,3,82,248,Indiana,USA,
"Kobe
Bufkin",ATL,4,0,77,195,Michigan,USA,
"Reggie
Bullock Jr.",HOU,25,1,78,205,North Carolina,USA,
"Alec
Burks",NYK,18,0,77,214,Colorado,USA,
"Jared
Butler",WAS,4,0,75,193,Baylor,USA,
"Jimmy
Butler",MIA,22,2,79,230,Marquette,USA,
"Jamal
Cain",MIA,8,2,78,191,Oakland,USA,
"Kentavious
Caldwell-Pope",DEN,5,0,77,204,Georgia,USA,
"Toumani
Camara",POR,33,2,79,226,Dayton,Belgium,
"Vlatko
Cancar",DEN,31,2,80,236,San Pablo Burgos,Slovenia,
"Clint
Capela",ATL,15,4,82,256,Elan Chalon,Switzerland,
"Jevon
Carter",CHI,5,0,73,200,West Virginia,USA,
"Wendell
Carter Jr.",ORL,34,3,82,270,Duke,USA,
"D.J.
Carton",TOR,3,0,75,200,Marquette,USA,
"Alex
Caruso",CHI,6,0,77,186,Texas A&M,USA,
"Colin
Castleton",LAL,14,4,82,250,Florida,USA,
"Julian
Champagnie",SAS,30,2,79,217,St. John's,USA,
"Justin
Champagnie",WAS,99,1,78,206,Pittsburgh,USA,
"Max
Christie",LAL,10,0,77,190,Michigan State,USA,
"Sidy
Cissoko",SAS,25,0,78,200,NBA G League Ignite,France,
"Jaylen
Clark",MIN,0,0,76,205,UCLA,USA,
"Brandon
Clarke",MEM,15,2,80,215,Gonzaga,Canada,
"Jordan
Clarkson",UTA,0,0,75,194,Missouri,USA,
"Nic
Claxton",BKN,33,4,83,215,Georgia,USA,
"Noah
Clowney",BKN,21,2,81,210,Alabama,USA,
"Amir
Coffey",LAC,7,1,79,210,Minnesota,USA,
"John
Collins",UTA,20,3,81,226,Wake Forest,USA,
"Zach
Collins",SAS,23,3,83,250,Gonzaga,USA,
"Mike
Conley",MIN,10,0,72,175,Ohio State,USA,
"Pat
Connaughton",MIL,24,0,77,209,Notre Dame,USA,
"Bilal
Coulibaly",WAS,0,0,80,195,Metropolitans 92,France,
"Ricky
Council IV",PHI,16,0,78,207,Arkansas,USA,
"Robert
Covington",PHI,33,2,79,209,Tennessee State,USA,
"Torrey
Craig",CHI,13,2,77,221,South Carolina Upstate,USA,
"Jae
Crowder",MIL,99,2,78,235,Marquette,USA,
"Cade
Cunningham",DET,2,0,78,220,Oklahoma State,USA,
"Seth
Curry",CHA,30,0,73,185,Duke,USA,
"Stephen
Curry",GSW,30,0,74,185,Davidson,USA,
"Dyson
Daniels",NOP,11,0,79,199,NBA G League Ignite,Australia,
"Anthony
Davis",LAL,3,3,82,253,Kentucky,USA,
"Johnny
Davis",WAS,1,0,76,195,Wisconsin,USA,
"JD
Davison",BOS,20,0,73,195,Alabama,USA,
"DeMar
DeRozan",CHI,11,1,78,220,Southern California,USA,
"Donte
DiVincenzo",NYK,0,0,76,203,Villanova,USA,
"Moussa
Diabate",LAC,25,2,81,210,Michigan,France,
"Mamadi
Diakite",NYK,21,2,81,228,Virginia,Guinea,
"Gradey
Dick",TOR,1,1,78,200,Kansas,USA,
"Ousmane
Dieng",OKC,13,2,81,185,New Zealand Breakers,France,
"Spencer
Dinwiddie",LAL,26,0,77,215,Colorado,USA,
"Luka
Doncic",DAL,77,1,79,230,Real Madrid,Slovenia,
"Luguentz
Dort",OKC,5,0,76,220,Arizona State,Canada,
"Ayo
Dosunmu",CHI,12,0,77,200,Illinois,USA,
"Jeff
Dowtin Jr.",PHI,11,0,75,177,Rhode Island,USA,
"Henri
Drell",CHI,77,2,81,220,Victoria Libertas,Estonia,
"Andre
Drummond",CHI,3,4,83,279,Connecticut,USA,
"Chris
Duarte",SAC,3,0,77,190,Oregon,Dominican Republic,
"David
Duke Jr.",SAS,28,0,76,204,Providence,USA,
"Kris
Dunn",UTA,11,0,75,205,Providence,USA,
"Kevin
Durant",PHX,35,2,83,240,Texas,USA,
"Jalen
Duren",DET,0,4,82,250,Memphis,USA,
"Tari
Eason",HOU,17,2,80,215,Louisiana State,USA,
"Anthony
Edwards",MIN,5,0,76,225,Georgia,USA,
"Kessler
Edwards",SAC,17,2,79,203,Pepperdine,USA,
"Keon
Ellis",SAC,23,0,75,175,Alabama,USA,
"Joel
Embiid",PHI,21,3,84,280,Kansas,Cameroon,
"Drew
Eubanks",PHX,14,3,82,245,Oregon State,USA,
"Tosan
Evbuomwan",DET,18,2,79,217,Princeton,United Kingdom,
"Dante
Exum",DAL,0,0,77,214,Australian Institute of Sport,Australia,
"Bruno
Fernando",ATL,24,3,81,240,Maryland,Angola,
"Dorian
Finney-Smith",BKN,28,2,79,220,Florida,USA,
"Adam
Flagler",OKC,14,0,75,180,Baylor,USA,
"Malachi
Flynn",DET,18,0,73,185,San Diego State,USA,
"Simone
Fontecchio",DET,19,2,79,209,Baskonia,Italy,
"Jordan
Ford",SAC,31,0,73,175,St. Mary's College,USA,
"Trent
Forrest",ATL,2,0,76,210,Florida State,USA,
"Evan
Fournier",DET,31,1,78,205,Poitiers Basket 86,France,
"De'Aaron
Fox",SAC,5,0,75,185,Kentucky,USA,
"Javon
Freeman-Liberty",TOR,0,0,75,190,DePaul,USA,
"Alex
Fudge",DAL,17,2,80,200,Florida,USA,
"Markelle
Fultz",ORL,20,0,76,209,Washington,USA,
"Andrew
Funk",CHI,,0,77,200,Penn State,USA,
"Daniel
Gafford",DAL,21,3,82,234,Arkansas,USA,
"Danilo
Gallinari",MIL,12,2,82,236,Olimpia Milano,Italy,
"Jaylin
Galloway",MIL,,2,78,190,Sydney Kings,Australia,
"Darius
Garland",CLE,10,0,73,192,Vanderbilt,USA,
"Usman
Garuba",GSW,12,2,80,229,Real Madrid,Spain,
"Luka
Garza",MIN,55,4,82,243,Iowa,USA,
"Keyonte
George",UTA,3,0,76,185,Baylor,USA,
"Paul
George",LAC,13,2,80,220,Fresno State,USA,
"Taj
Gibson",DET,67,2,81,232,Southern California,USA,
"Josh
Giddey",OKC,3,0,80,216,NBA Global Academy,Australia,
"Harry
Giles III",LAL,20,3,82,240,Duke,USA,
"Shai
Gilgeous-Alexander",OKC,2,0,78,195,Kentucky,Canada,
"Anthony
Gill",WAS,16,2,80,230,Virginia,USA,
"Collin
Gillespie",DEN,21,0,73,195,Villanova,USA,
"Jacob
Gilyard",BKN,14,0,68,160,Richmond,USA,
"Rudy
Gobert",MIN,27,4,85,258,Cholet,France,
"Jordan
Goodwin",MEM,0,0,76,200,St. Louis,USA,
"Aaron
Gordon",DEN,50,2,80,235,Arizona,USA,
"Eric
Gordon",PHX,23,0,75,215,Indiana,USA,
"Devonte'
Graham",SAS,4,0,73,195,Kansas,USA,
"Jerami
Grant",POR,9,2,79,210,Syracuse,USA,
"RaiQuan
Gray",SAS,0,2,79,269,Florida State,USA,
"AJ
Green",MIL,20,0,76,190,Northern Iowa,USA,
"Draymond
Green",GSW,23,2,78,230,Michigan State,USA,
"Jalen
Green",HOU,4,0,76,186,NBA G League Ignite,USA,
"Javonte
Green",CHI,24,0,77,205,Radford,USA,
"Jeff
Green",HOU,32,2,80,235,Georgetown,USA,
"Josh
Green",DAL,8,0,77,200,Arizona,Australia,
"AJ
Griffin",ATL,14,2,78,220,Duke,USA,
"Quentin
Grimes",DET,24,0,77,210,Houston,USA,
"Mouhamadou
Gueye",TOR,16,2,81,210,Pittsburgh,USA,
"Mouhamed
Gueye",ATL,18,2,82,210,Washington State,Senegal,
"Rui
Hachimura",LAL,28,2,80,230,Gonzaga,Japan,
"Ashton
Hagans",POR,19,1,75,190,Kentucky,USA,
"Tyrese
Haliburton",IND,0,0,77,185,Iowa State,USA,
"Tim
Hardaway Jr.",DAL,10,1,77,205,Michigan,USA,
"James
Harden",LAC,1,0,77,220,Arizona State,USA,
"Jaden
Hardy",DAL,1,0,75,198,NBA G League Ignite,USA,
"Gary
Harris",ORL,14,0,76,210,Michigan State,USA,
"Kevon
Harris",ORL,8,0,77,216,Stephen F. Austin,USA,
"Tobias
Harris",PHI,12,2,80,226,Tennessee,USA,
"Josh
Hart",NYK,3,0,76,215,Villanova,USA,
"Isaiah
Hartenstein",NYK,55,3,84,250,Zalgiris,Germany,
"Sam
Hauser",BOS,30,2,79,217,Virginia,USA,
"Jordan
Hawkins",NOP,24,0,77,190,Connecticut,USA,
"Jaxson
Hayes",LAL,11,3,84,220,Texas,USA,
"Gordon
Hayward",OKC,33,2,79,225,Butler,USA,
"Scoot
Henderson",POR,0,0,75,202,NBA G League Ignite,USA,
"Taylor
Hendricks",UTA,0,2,81,215,Central Florida,USA,
"Tyler
Herro",MIA,14,0,77,195,Kentucky,USA,
"Buddy
Hield",PHI,17,0,76,220,Oklahoma,Bahamas,
"Haywood
Highsmith",MIA,24,2,77,220,Wheeling Jesuit,USA,
"Malcolm
Hill",NOP,33,2,78,220,Illinois,USA,
"Nate
Hinton",HOU,14,1,77,210,Houston,USA,
"Aaron
Holiday",HOU,0,0,72,185,UCLA,USA,
"Jrue
Holiday",BOS,4,0,76,205,UCLA,USA,
"Justin
Holiday",DEN,9,1,78,180,Washington,USA,
"Richaun
Holmes",WAS,22,2,81,235,Bowling Green,USA,
"Chet
Holmgren",OKC,7,3,85,208,Gonzaga,USA,
"Jalen
Hood-Schifino",LAL,0,0,77,215,Indiana,USA,
"Al
Horford",BOS,42,3,81,240,Florida,Dominican Republic,
"Talen
Horton-Tucker",UTA,5,0,76,234,Iowa State,USA,
"Caleb
Houstan",ORL,2,0,80,205,Michigan,Canada,
"Jett
Howard",ORL,13,0,78,215,Michigan,USA,
"Kevin
Huerter",SAC,9,1,79,198,Maryland,USA,
"Jay
Huff",DEN,30,4,85,240,Virginia,USA,
"De'Andre
Hunter",ATL,12,1,80,221,Virginia,USA,
"Bones
Hyland",LAC,5,0,74,169,Virginia Commonwealth,USA,
"Joe
Ingles",ORL,7,1,81,220,Maccabi Tel Aviv,Australia,
"Brandon
Ingram",NOP,14,2,80,190,Duke,USA,
"Kyrie
Irving",DAL,11,0,74,195,Duke,Australia,
"Jonathan
Isaac",ORL,1,2,82,230,Florida State,USA,
"Jaden
Ivey",DET,23,0,76,195,Purdue,USA,
"GG
Jackson",MEM,45,2,81,210,South Carolina,USA,
"Isaiah
Jackson",IND,22,2,81,205,Kentucky,USA,
"Quenton
Jackson",IND,29,0,77,173,Texas A&M,USA,
"Reggie
Jackson",DEN,7,0,74,208,Boston College,USA,
"Andre
Jackson Jr.",MIL,44,0,78,209,Connecticut,USA,
"Jaren
Jackson Jr.",MEM,13,3,82,242,Michigan State,USA,
"Trayce
Jackson-Davis",GSW,32,2,81,245,Indiana,USA,
"LeBron
James",LAL,23,2,81,250,St. Vincent-St. Mary HS (OH),USA,
"Jaime
Jaquez Jr.",MIA,11,0,78,225,UCLA,USA,
"DaQuan
Jeffries",NYK,8,1,77,222,Tulsa,USA,
"Trey
Jemison",MEM,55,4,82,260,Alabama-Birmingham,USA,
"Ty
Jerome",CLE,2,1,77,195,Virginia,USA,
"Isaiah
Joe",OKC,11,0,75,165,Arkansas,USA,
"Cameron
Johnson",BKN,2,2,80,210,North Carolina,USA,
"Jalen
Johnson",ATL,1,2,80,219,Duke,USA,
"James
Johnson",IND,16,2,79,240,Wake Forest,USA,
"Keldon
Johnson",SAS,3,1,77,220,Kentucky,USA,
"Keon
Johnson",BKN,45,0,77,185,Tennessee,USA,
"Keyontae
Johnson",OKC,18,2,76,230,Kansas State,USA,
"Nikola
Jokic",DEN,15,4,83,284,Mega Basket,Serbia,
"Colby
Jones",SAC,20,0,78,207,Xavier,USA,
"Damian
Jones",CLE,30,4,82,245,Vanderbilt,USA,
"Herbert
Jones",NOP,5,2,79,206,Alabama,USA,
"Kai
Jones",LAC,23,3,83,221,Texas,Bahamas,
"Mason
Jones",SAC,8,0,76,200,Arkansas,USA,
"Tre
Jones",SAS,33,0,73,185,Duke,USA,
"Tyus
Jones",WAS,5,0,73,196,Duke,USA,
"Derrick
Jones Jr.",DAL,55,2,78,210,UNLV,USA,
"DeAndre
Jordan",DEN,6,4,83,265,Texas A&M,USA,
"Nikola
Jovic",MIA,5,2,82,205,Mega Basket,Serbia,
"Johnny
Juzang",UTA,33,0,77,209,UCLA,USA,
"Luke
Kennard",MEM,10,0,77,206,Duke,USA,
"Walker
Kessler",UTA,24,4,84,245,Auburn,USA,
"Braxton
Key",DEN,11,2,80,225,Virginia,USA,
"Corey
Kispert",WAS,24,2,78,224,Gonzaga,USA,
"Maxi
Kleber",DAL,42,2,82,240,Bayern Munich,Germany,
"John
Konchar",MEM,46,0,77,210,Indiana-Purdue Fort Wayne,USA,
"Luke
Kornet",BOS,40,3,85,250,Vanderbilt,USA,
"Vit
Krejci",ATL,27,0,80,195,Zaragoza,Czech Republic,
"Jonathan
Kuminga",GSW,0,2,79,225,NBA G League Ignite,DRC,
"Kyle
Kuzma",WAS,33,2,81,221,Utah,USA,
"Jake
LaRavia",MEM,3,2,79,235,Wake Forest,USA,
"Zach
LaVine",CHI,8,0,77,200,UCLA,USA,
"Jock
Landale",HOU,2,4,83,255,St. Mary's,Australia,
"A.J.
Lawson",DAL,9,0,78,179,South Carolina,Canada,
"Caris
LeVert",CLE,3,0,78,205,Michigan,USA,
"Damion
Lee",PHX,10,1,78,210,Drexel,USA,
"Saben
Lee",PHX,38,0,74,183,Vanderbilt,USA,
"Alex
Len",SAC,25,4,84,250,Maryland,Ukraine,
"Kawhi
Leonard",LAC,2,2,79,225,San Diego State,USA,
"Maxwell
Lewis",LAL,21,2,79,195,Pepperdine,USA,
"Kira
Lewis Jr.",UTA,13,0,73,170,Alabama,USA,
"E.J.
Liddell",NOP,32,2,78,240,Ohio State,USA,
"Damian
Lillard",MIL,0,0,74,195,Weber State,USA,
"Nassir
Little",PHX,25,1,78,220,North Carolina,USA,
"Dereck
Lively II",DAL,2,4,85,230,Duke,USA,
"Chris
Livingston",MIL,7,2,78,220,Kentucky,USA,
"Kenneth
Lofton Jr.",UTA,35,2,78,275,Louisiana Tech,USA,
"Kevon
Looney",GSW,5,2,81,222,UCLA,USA,
"Brook
Lopez",MIL,11,4,85,282,Stanford,USA,
"Kevin
Love",MIA,42,3,80,251,UCLA,USA,
"Kyle
Lowry",PHI,7,0,72,196,Villanova,USA,
"Seth
Lundy",ATL,3,1,76,220,Penn State,USA,
"Trey
Lyles",SAC,41,2,81,234,Kentucky,Canada,
"Sandro
Mamukelashvili",SAS,54,3,81,240,Seton Hall,Georgia,
"Terance
Mann",LAC,14,1,77,215,Florida State,USA,
"Tre
Mann",CHA,23,0,75,178,Florida,USA,
"Boban
Marjanovic",HOU,51,4,88,290,Crvena zvezda,Serbia,
"Lauri
Markkanen",UTA,23,3,84,240,Arizona,Finland,
"Naji
Marshall",NOP,8,2,78,220,Xavier,USA,
"Caleb
Martin",MIA,16,2,77,205,Nevada,USA,
"Cody
Martin",CHA,11,2,78,205,Nevada,USA,
"Jaylen
Martin",BKN,16,0,78,216,Overtime Elite,USA,
"KJ
Martin",PHI,1,2,78,215,IMG Academy (FL),USA,
"Garrison
Mathews",ATL,25,0,78,215,Lipscomb,USA,
"Bennedict
Mathurin",IND,0,1,77,210,Arizona,Canada,
"Wesley
Matthews",ATL,32,0,77,220,Marquette,USA,
"Tyrese
Maxey",PHI,0,0,74,200,Kentucky,USA,
"Skylar
Mays",LAL,4,0,75,205,Louisiana State,USA,
"Miles
McBride",NYK,2,0,73,195,West Virginia,USA,
"CJ
McCollum",NOP,3,0,75,190,Lehigh,USA,
"T.J.
McConnell",IND,9,0,73,190,Arizona,USA,
"Jaden
McDaniels",MIN,3,2,81,185,Washington,USA,
"Jalen
McDaniels",TOR,2,2,81,190,San Diego State,USA,
"Doug
McDermott",IND,20,2,78,225,Creighton,USA,
"JaVale
McGee",SAC,0,3,84,270,Nevada,USA,
"Bryce
McGowens",CHA,7,0,78,175,Nebraska,USA,
"Jordan
McLaughlin",MIN,6,0,72,185,Southern California,USA,
"De'Anthony
Melton",PHI,8,0,75,200,Southern California,USA,
"Sam
Merrill",CLE,5,0,76,205,Utah State,USA,
"Chimezie
Metu",DET,4,3,82,225,Southern California,USA,
"Vasilije
Micic",CHA,22,0,75,188,Serbia,Serbia,
"Khris
Middleton",MIL,22,2,79,222,Texas A&M,USA,
"Brandon
Miller",CHA,24,2,79,200,Alabama,USA,
"Jordan
Miller",LAC,11,0,77,194,Miami,USA,
"Leonard
Miller",MIN,33,2,82,210,NBA G League Ignite,Canada,
"Patty
Mills",MIA,8,0,74,180,St. Mary's,Australia,
"Shake
Milton",NYK,13,1,77,205,Southern Methodist,USA,
"Justin
Minaya",POR,24,2,77,205,Providence,USA,
"Josh
Minott",MIN,8,2,80,205,Memphis,USA,
"Davion
Mitchell",SAC,15,0,72,202,Baylor,USA,
"Donovan
Mitchell",CLE,45,0,75,215,Louisville,USA,
"Evan
Mobley",CLE,4,4,83,215,Southern California,USA,
"Isaiah
Mobley",CLE,15,2,80,238,Southern California,USA,
"Malik
Monk",SAC,0,0,75,200,Kentucky,USA,
"Moses
Moody",GSW,4,0,77,211,Arkansas,USA,
"Xavier
Moon",LAC,22,0,72,165,Morehead State,USA,
"Wendell
Moore Jr.",MIN,7,0,77,215,Duke,USA,
"Ja
Morant",MEM,12,0,74,174,Murray State,USA,
"Markieff
Morris",DAL,88,2,81,245,Kansas,USA,
"Monte
Morris",MIN,23,0,74,183,Iowa State,USA,
"Marcus
Morris Sr.",CLE,24,2,80,218,Kansas,USA,
"Trey
Murphy III",NOP,25,2,80,206,Virginia,USA,
"Dejounte
Murray",ATL,5,0,77,180,Washington,USA,
"Jamal
Murray",DEN,27,0,76,215,Kentucky,Canada,
"Keegan
Murray",SAC,13,2,80,225,Iowa,USA,
"Kris
Murray",POR,8,2,80,210,Iowa,USA,
"Mike
Muscala",OKC,50,3,82,240,Bucknell,USA,
"Svi
Mykhailiuk",BOS,50,1,79,205,Kansas,Ukraine,
"Pete
Nance",CLE,8,2,82,225,North Carolina,USA,
"Larry
Nance Jr.",NOP,22,3,80,245,Wyoming,USA,
"Andrew
Nembhard",IND,2,1,76,191,Gonzaga,Canada,
"Aaron
Nesmith",IND,23,1,78,215,Vanderbilt,USA,
"Georges
Niang",CLE,20,2,79,230,Iowa State,USA,
"Daishen
Nix",MIN,12,0,75,226,NBA G League Ignite,USA,
"Zeke
Nnaji",DEN,22,3,81,240,Arizona,USA,
"Jusuf
Nurkic",PHX,20,4,84,290,Cedevita,Bosnia and Herzegovina,
"Jordan
Nwora",TOR,13,2,80,225,Louisville,USA,
"Royce
O'Neale",PHX,0,2,78,226,Baylor,USA,
"Chuma
Okeke",ORL,3,2,79,229,Auburn,USA,
"Josh
Okogie",PHX,2,0,76,213,Georgia Tech,Nigeria,
"Onyeka
Okongwu",ATL,17,3,82,240,Southern California,USA,
"Isaac
Okoro",CLE,35,1,77,225,Auburn,USA,
"Kelly
Olynyk",TOR,41,3,83,240,Gonzaga,Canada,
"Eugene
Omoruyi",WAS,97,2,78,235,Oregon,Nigeria,
"Cedi
Osman",SAS,16,2,79,230,Anadolu Efes,Turkey,
"Kelly
Oubre Jr.",PHI,9,1,79,203,Kansas,USA,
"Chris
Paul",GSW,3,0,72,175,Wake Forest,USA,
"Cameron
Payne",PHI,22,0,75,183,Murray State,USA,
"Gary
Payton II",GSW,0,0,74,195,Oregon State,USA,
"Drew
Peterson",BOS,13,2,81,205,Southern California,USA,
"Julian
Phillips",CHI,15,2,80,198,Tennessee,USA,
"Jalen
Pickett",DEN,24,0,74,202,Penn State,USA,
"Scotty
Pippen Jr.",MEM,1,0,73,170,Vanderbilt,USA,
"Mason
Plumlee",LAC,44,3,82,254,Duke,USA,
"Brandin
Podziemski",GSW,2,0,76,205,Santa Clara,USA,
"Jakob
Poeltl",TOR,19,4,84,260,Utah,Austria,
"Aleksej
Pokusevski",CHA,17,2,84,210,Olympiacos,Serbia,
"Jordan
Poole",WAS,13,0,76,194,Michigan,USA,
"Craig
Porter Jr.",CLE,9,0,73,180,Wichita State,USA,
"Michael
Porter Jr.",DEN,1,2,82,218,Missouri,USA,
"Bobby
Portis",MIL,9,2,82,250,Arkansas,USA,
"Kristaps
Porzingis",BOS,8,3,86,240,Cajasol Sevilla,Latvia,
"Micah
Potter",UTA,25,4,81,248,Wisconsin,USA,
"Dwight
Powell",DAL,7,3,82,240,Stanford,Canada,
"Norman
Powell",LAC,24,0,76,215,UCLA,USA,
"Jason
Preston",UTA,10,0,75,181,Ohio,USA,
"Taurean
Prince",LAL,12,2,78,218,Baylor,USA,
"Payton
Pritchard",BOS,11,0,73,195,Oregon,USA,
"Olivier-Maxence
Prosper",DAL,18,2,79,230,Marquette,Canada,
"Trevelin
Queen",ORL,12,0,77,190,New Mexico State,USA,
"Neemias
Queta",BOS,88,4,84,248,Utah State,Portugal,
"Immanuel
Quickley",TOR,5,0,74,190,Kentucky,USA,
"Lester
Quinones",GSW,25,0,76,208,Memphis,USA,
"Julius
Randle",NYK,30,3,80,250,Kentucky,USA,
"Duop
Reath",POR,26,4,81,245,Louisiana State,South Sudan,
"Austin
Reaves",LAL,15,0,77,197,Oklahoma,USA,
"Cam
Reddish",LAL,5,1,79,217,Duke,USA,
"Paul
Reed",PHI,44,2,81,210,DePaul,USA,
"Naz
Reid",MIN,11,3,81,264,Louisiana State,USA,
"Jared
Rhoden",DET,8,0,77,210,Seton Hall,USA,
"Nick
Richards",CHA,4,4,84,245,Kentucky,Jamaica,
"Josh
Richardson",MIA,0,0,77,200,Tennessee,USA,
"Duncan
Robinson",MIA,55,2,79,215,Michigan,USA,
"Jerome
Robinson",GSW,18,0,77,190,Boston College,USA,
"Mitchell
Robinson",NYK,23,3,84,240,Western Kentucky,USA,
"Orlando
Robinson",MIA,25,4,82,235,Fresno State,USA,
"Jeremiah
Robinson-Earl",NOP,50,2,80,240,Villanova,USA,
"David
Roddy",PHX,21,2,76,255,Colorado State,USA,
"Ryan
Rollins",MIL,55,0,75,180,Toledo,USA,
"Derrick
Rose",MEM,23,0,75,200,Memphis,USA,
"Terry
Rozier",MIA,2,0,73,190,Louisville,USA,
"Rayan
Rupert",POR,72,1,78,185,New Zealand Breakers,France,
"D'Angelo
Russell",LAL,1,0,75,193,Ohio State,USA,
"Matt
Ryan",NOP,37,2,78,215,Tennessee-Chattanooga,USA,
"Domantas
Sabonis",SAC,11,3,82,240,Gonzaga,Lithuania,
"Luka
Samanic",UTA,19,2,82,227,Union Olimpija,Croatia,
"Jermaine
Samuels Jr.",HOU,0,2,78,230,Villanova,USA,
"Adama
Sanogo",CHI,21,2,81,245,Connecticut,Mali,
"Gui
Santos",GSW,15,2,78,185,Minas,Brazil,
"Dario
Saric",GSW,20,3,82,225,Anadolu Efes,Croatia,
"Olivier
Sarr",OKC,30,4,82,240,Kentucky,France,
"Marcus
Sasser",DET,25,0,74,195,Houston,USA,
"Admiral
Schofield",ORL,25,2,77,241,Tennessee,United Kingdom,
"Dennis
Schroder",BKN,17,0,73,175,Braunschweig,Germany,
"Dereon
Seabron",NOP,0,0,77,180,North Carolina State,USA,
"Alperen
Sengun",HOU,28,4,83,243,Besiktas,Turkey,
"Brice
Sensabaugh",UTA,8,2,77,235,Ohio State,USA,
"Collin
Sexton",UTA,2,0,75,190,Alabama,USA,
"Landry
Shamet",WAS,20,0,76,190,Wichita State,USA,
"Day'Ron
Sharpe",BKN,20,4,81,265,North Carolina,USA,
"Shaedon
Sharpe",POR,17,0,77,205,Kentucky,Canada,
"Ben
Sheppard",IND,26,0,78,190,Belmont,USA,
"Pascal
Siakam",IND,43,2,80,245,New Mexico State,Cameroon,
"Ben
Simmons",BKN,10,1,82,240,Louisiana State,Australia,
"Anfernee
Simons",POR,1,0,75,193,Edgewater HS (FL),USA,
"Jericho
Sims",NYK,45,4,82,250,Texas,USA,
"Jalen
Slawson",SAC,18,2,79,215,Furman,USA,
"Marcus
Smart",MEM,36,0,75,220,Oklahoma State,USA,
"Jalen
Smith",IND,25,3,81,215,Maryland,USA,
"Terquavion
Smith",PHI,23,0,76,160,North Carolina State,USA,
"Dennis
Smith Jr.",BKN,4,0,75,205,North Carolina State,USA,
"Jabari
Smith Jr.",HOU,10,2,83,220,Auburn,USA,
"Nick
Smith Jr.",CHA,8,0,74,185,Arkansas,USA,
"Jeremy
Sochan",SAS,10,2,80,230,Baylor,Poland,
"Pat
Spencer",GSW,61,0,75,205,Northwestern,USA,
"Jaden
Springer",BOS,44,0,76,202,Tennessee,USA,
"Lamar
Stevens",MEM,24,2,79,230,Penn State,USA,
"Isaiah
Stewart",DET,28,3,80,250,Washington,USA,
"Julian
Strawther",DEN,3,0,78,205,Gonzaga,USA,
"Max
Strus",CLE,1,1,77,215,DePaul,USA,
"Jalen
Suggs",ORL,4,0,77,205,Gonzaga,USA,
"Cole
Swider",MIA,21,2,80,220,Syracuse,USA,
"Jae'Sean
Tate",HOU,8,2,76,230,Ohio State,USA,
"Jayson
Tatum",BOS,0,1,80,210,Duke,USA,
"Garrett
Temple",TOR,17,1,77,195,Louisiana State,USA,
"Dalen
Terry",CHI,25,2,79,195,Arizona,USA,
"Daniel
Theis",LAC,10,3,80,245,Brose Bamberg,Germany,
"Cam
Thomas",BKN,24,0,75,210,Louisiana State,Japan,
"Isaiah
Thomas",PHX,4,0,69,185,Washington,USA,
"Amen
Thompson",HOU,1,1,79,200,Overtime Elite,USA,
"Ausar
Thompson",DET,9,1,78,205,Overtime Elite,USA,
"Klay
Thompson",GSW,11,0,78,220,Washington State,USA,
"Tristan
Thompson",CLE,13,3,81,254,Texas-Austin,Canada,
"JT
Thor",CHA,21,2,81,203,Auburn,USA,
"Matisse
Thybulle",POR,4,1,77,201,Washington,USA,
"Xavier
Tillman",BOS,26,2,79,245,Michigan State,USA,
"Jacob
Toppin",NYK,0,2,80,200,Kentucky,USA,
"Obi
Toppin",IND,1,2,81,220,Dayton,USA,
"Karl-Anthony
Towns",MIN,32,3,84,248,Kentucky,USA,
"Gary
Trent Jr.",TOR,33,0,77,204,Duke,USA,
"Oscar
Tshiebwe",IND,44,3,80,255,Kentucky,DRC,
"P.J.
Tucker",LAC,17,2,77,245,Texas,USA,
"Myles
Turner",IND,33,3,83,250,Texas,USA,
"Hunter
Tyson",DEN,4,2,80,215,Clemson,USA,
"Stanley
Umude",DET,17,0,78,210,Arkansas,USA,
"Jonas
Valanciunas",NOP,17,4,83,265,Lietuvos rytas Vilnius,Lithuania,
"Fred
VanVleet",HOU,5,0,72,197,Wichita State,USA,
"Jarred
Vanderbilt",LAL,2,2,80,214,Kentucky,USA,
"Devin
Vassell",SAS,24,1,77,200,Florida State,USA,
"Sasha
Vezenkov",SAC,7,2,80,225,"Barcelona, Spain",Bulgaria,
"Gabe
Vincent",LAL,7,0,74,200,California-Santa Barbara,USA,
"Nikola
Vucevic",CHI,9,4,82,260,Southern California,Montenegro,
"Tristan
Vukcevic",WAS,0,2,82,220,Real Madrid,Italy,
"Dean
Wade",CLE,32,3,81,228,Kansas State,USA,
"Franz
Wagner",ORL,22,2,82,220,Michigan,Germany,
"Moritz
Wagner",ORL,21,3,83,245,Michigan,Germany,
"Ish
Wainright",PHX,12,2,77,250,Baylor,USA,
"Jabari
Walker",POR,34,2,79,227,Colorado,USA,
"Jarace
Walker",IND,5,2,79,235,Houston,USA,
"Lonnie
Walker IV",BKN,8,1,76,204,Miami,USA,
"Cason
Wallace",OKC,22,0,75,195,Kentucky,USA,
"Jordan
Walsh",BOS,27,0,78,205,Arkansas,USA,
"T.J.
Warren",MIN,24,2,80,220,North Carolina State,USA,
"P.J.
Washington",DAL,25,2,79,230,Kentucky,USA,
"Duane
Washington Jr.",NYK,1,0,74,197,Ohio State,Germany,
"TyTy
Washington Jr.",MIL,23,0,75,195,Kentucky,USA,
"Yuta
Watanabe",MEM,18,1,81,215,George Washington,Japan,
"Lindy
Waters III",OKC,12,2,78,210,Oklahoma State,USA,
"Trendon
Watford",BKN,9,2,80,237,Louisiana State,USA,
"Peyton
Watson",DEN,8,0,79,200,UCLA,USA,
"Victor
Wembanyama",SAS,1,3,88,210,Metropolitans 92,France,
"Blake
Wesley",SAS,14,0,75,185,Notre Dame,USA,
"Russell
Westbrook",LAC,0,0,76,200,UCLA,USA,
"Coby
White",CHI,0,0,77,195,North Carolina,USA,
"Derrick
White",BOS,9,0,76,190,Colorado,USA,
"Dariq
Whitehead",BKN,0,2,78,220,Duke,USA,
"Cam
Whitmore",HOU,7,2,79,230,Villanova,USA,
"Aaron
Wiggins",OKC,21,0,77,190,Maryland,USA,
"Andrew
Wiggins",GSW,22,2,79,197,Kansas,Canada,
"Alondes
Williams",MIA,15,0,76,210,Wake Forest,USA,
"Brandon
Williams",DAL,0,0,73,190,Arizona,USA,
"Grant
Williams",CHA,2,2,78,236,Tennessee,USA,
"Jalen
Williams",OKC,8,1,77,211,Santa Clara,USA,
"Jaylin
Williams",OKC,6,2,81,240,Arkansas,USA,
"Kenrich
Williams",OKC,34,1,78,210,TCU,USA,
"Malik
Williams",TOR,,4,83,250,Louisville,USA,
"Mark
Williams",CHA,5,4,84,240,Duke,USA,
"Nate
Williams",HOU,19,0,77,205,Buffalo,USA,
"Patrick
Williams",CHI,44,2,79,215,Florida State,USA,
"Ziaire
Williams",MEM,8,2,81,185,Stanford,USA,
"Robert
Williams III",POR,35,3,81,249,Texas A&M,USA,
"Vince
Williams Jr.",MEM,5,0,76,205,Virginia Commonwealth,USA,
"Zion
Williamson",NOP,1,2,78,284,Duke,USA,
"Jalen
Wilson",BKN,22,2,78,220,Kansas,USA,
"Dylan
Windler",ATL,20,1,79,196,Belmont,USA,
"James
Wiseman",DET,13,4,83,240,Memphis,USA,
"Isaiah
Wong",IND,21,0,75,185,Miami,USA,
"Christian
Wood",LAL,35,2,80,214,UNLV,USA,
"Delon
Wright",MIA,4,0,77,185,Utah,USA,
"Thaddeus
Young",PHX,30,2,80,225,Georgia Tech,USA,
"Trae
Young",ATL,11,0,73,164,Oklahoma,USA,
"Omer
Yurtseven",UTA,77,4,83,275,Georgetown,Turkey,
"Cody
Zeller",NOP,40,3,83,240,Indiana,USA,
"Ivica
Zubac",LAC,40,4,84,240,Mega Basket,Croatia,
AVERAGE ,,,,,215,,,